<?xml version="1.0" encoding="utf-8"?>
<GraphicalInterface>
  <P Name="NumRootInports">2</P>
  <Inport Name="Actuators">
    <P Name="BusObject"/>
    <P Name="OutputFunctionCall">off</P>
    <P Name="SampleTime">-1</P>
    <P Name="UnitExpr">rpm</P>
  </Inport>
  <Inport Name="Environment">
    <P Name="BusObject">EnvironmentBus</P>
    <P Name="OutputFunctionCall">off</P>
    <P Name="SampleTime">-1</P>
    <P Name="UnitExpr">inherit</P>
  </Inport>
  <P Name="NumRootOutports">3</P>
  <Outport Name="States">
    <P Name="BusObject">StatesBus</P>
    <P Name="BusOutputAsStruct">on</P>
    <P Name="UnitExpr">inherit</P>
  </Outport>
  <Outport Name="moment">
    <P Name="BusObject"/>
    <P Name="BusOutputAsStruct">off</P>
    <P Name="UnitExpr">inherit</P>
  </Outport>
  <Outport Name="States1">
    <P Name="BusObject">StatesBus</P>
    <P Name="BusOutputAsStruct">on</P>
    <P Name="UnitExpr">inherit</P>
  </Outport>
  <P Name="ParameterArgumentNames"/>
  <P Name="NumModelReferences">0</P>
  <P Name="NumTestPointedSignals">1</P>
  <TestPointedSignal>
    <P Name="SignalName">moment1</P>
    <P Name="FullBlockPath">$bdroot/Nonlinear/AC model/Motor Forces and Torques/Sum of Elements1</P>
    <P Name="LogSignal">1</P>
    <P Name="MaxPoints">5000</P>
    <P Name="Decimation">2</P>
  </TestPointedSignal>
  <P Name="NumProvidedFunctions">0</P>
  <P Name="NumRequiredFunctions">0</P>
  <P Name="NumResetEvents">0</P>
  <P Name="HasInitializeEvent">0</P>
  <P Name="HasTerminateEvent">0</P>
  <P Name="IsExportFunctionModel">0</P>
  <P Name="NumParameterArguments">0</P>
  <P Name="NumExternalFileReferences">7</P>
  <ExternalFileReference>
    <P Name="Reference">shared6dof/6DOF (Euler Angles)</P>
    <P Name="Path">$bdroot/Nonlinear/6DOF (Quaternion)</P>
    <P Name="SID">131</P>
    <P Name="Type">LIBRARY_BLOCK</P>
  </ExternalFileReference>
  <ExternalFileReference>
    <P Name="Reference">shared6dof/6DOF (Euler Angles)</P>
    <P Name="Path">$bdroot/Nonlinear/6DOF (Quaternion)1</P>
    <P Name="SID">1740</P>
    <P Name="Type">LIBRARY_BLOCK</P>
  </ExternalFileReference>
  <ExternalFileReference>
    <P Name="Reference">aerolibasang/Dynamic Pressure</P>
    <P Name="Path">$bdroot/Nonlinear/AC model/Drag Calculation/Drag Calc/Dynamic Pressure</P>
    <P Name="SID">1620</P>
    <P Name="Type">LIBRARY_BLOCK</P>
  </ExternalFileReference>
  <ExternalFileReference>
    <P Name="Reference">dynamicsLibrary/Rotor Dynamics</P>
    <P Name="Path">$bdroot/Nonlinear/AC model/Motor Forces and Torques/For Each Subsystem/Rotor Dynamics</P>
    <P Name="SID">1636</P>
    <P Name="Type">LIBRARY_BLOCK</P>
  </ExternalFileReference>
  <ExternalFileReference>
    <P Name="Reference">sharedtransform/Rotation Angles to
Direction Cosine Matrix</P>
    <P Name="Path">$bdroot/Nonlinear/AC model/simplified subsystem /Rotation Angles to Direction Cosine Matrix3</P>
    <P Name="SID">1802</P>
    <P Name="Type">LIBRARY_BLOCK</P>
  </ExternalFileReference>
  <ExternalFileReference>
    <P Name="Reference">aerolibtransform2/Flat Earth to LLA</P>
    <P Name="Path">$bdroot/Nonlinear/Position on Earth/Flat Earth to LLA</P>
    <P Name="SID">294</P>
    <P Name="Type">LIBRARY_BLOCK</P>
  </ExternalFileReference>
  <ExternalFileReference>
    <P Name="Reference">aerolibtransform2/Flat Earth to LLA</P>
    <P Name="Path">$bdroot/Nonlinear/Position on Earth1/Flat Earth to LLA</P>
    <P Name="SID">1781</P>
    <P Name="Type">LIBRARY_BLOCK</P>
  </ExternalFileReference>
  <P Name="OrderedModelArguments">1</P>
</GraphicalInterface>
