<?xml version="1.0" encoding="UTF-8" standalone="yes" ?><cp:coreProperties xmlns:cp="http://schemas.openxmlformats.org/package/2006/metadata/core-properties" xmlns:dc="http://purl.org/dc/elements/1.1/" xmlns:dcmitype="http://purl.org/dc/dcmitype/" xmlns:dcterms="http://purl.org/dc/terms/" xmlns:xsi="http://www.w3.org/2001/XMLSchema-instance"><cp:category>Model</cp:category><dcterms:created xsi:type="dcterms:W3CDTF">2013-08-06T11:00:13Z</dcterms:created><dc:creator>The MathWorks, Inc.</dc:creator><dc:description></dc:description><cp:lastModifiedBy>PUBLIC</cp:lastModifiedBy><dcterms:modified xsi:type="dcterms:W3CDTF">2018-06-08T17:31:43Z</dcterms:modified><cp:revision>1.190</cp:revision><cp:version>R2017b</cp:version></cp:coreProperties>